,City,Country,Lat,Lng,Max Temp,Humidity,Cloudiness,Wind Speed,Current Description
0,Cabo San Lucas,MX,22.8909,-109.9124,87.1,61,20,5.75,few clouds
1,Celestun,MX,20.8667,-90.4,76.41,87,53,6.69,broken clouds
2,Yellowknife,CA,62.456,-114.3525,63.12,48,75,3.44,broken clouds
3,Jamestown,US,42.097,-79.2353,67.59,77,0,5.75,clear sky
4,Forbes,AU,-33.3833,148.0167,55.35,83,98,10.71,light rain
5,Bluff,NZ,-46.6,168.3333,44.8,63,85,11.34,overcast clouds
6,Moron,AR,-34.6534,-58.6198,56.97,75,1,7.16,clear sky
7,Albany,US,42.6001,-73.9662,66.63,78,0,5.7,clear sky
8,Banda Aceh,ID,5.5577,95.3222,86.09,61,97,11.03,overcast clouds
9,Santa Rosa,PH,14.3122,121.1114,91.09,66,29,4.43,scattered clouds
10,Cape Town,ZA,-33.9258,18.4232,54.09,89,75,4.61,light rain
11,Chokurdakh,RU,70.6333,147.9167,57.81,43,45,11.21,scattered clouds
12,Port Hardy,CA,50.6996,-127.4199,66.38,68,20,9.22,few clouds
13,Tuktoyaktuk,CA,69.4541,-133.0374,53.6,76,75,16.11,broken clouds
14,Tongzi,CN,28.7829,105.0877,95.23,46,12,4.23,few clouds
15,Leshukonskoye,RU,64.8989,45.7622,59.43,90,99,9.31,light rain
16,Port Alfred,ZA,-33.5906,26.891,62.29,89,100,18.92,overcast clouds
17,Puerto Carreno,CO,6.189,-67.4859,76.05,89,94,4.25,overcast clouds
18,Atuona,PF,-9.8,-139.0333,76.91,72,42,23.62,scattered clouds
19,Quatre Cocos,MU,-20.2078,57.7625,66.31,69,97,20.78,light rain
20,Marystown,CA,47.1666,-55.1483,58.24,96,100,6.87,overcast clouds
21,Hithadhoo,MV,-0.6,73.0833,82.6,74,62,13.89,broken clouds
22,Dalton,US,34.7698,-84.9702,76.68,95,90,1.48,overcast clouds
23,Campbell River,CA,50.0163,-125.2446,72.93,72,20,0.0,few clouds
24,Puerto Ayora,EC,-0.7393,-90.3518,67.55,100,100,5.01,light rain
25,Shar,KZ,49.5886,81.0453,72.99,51,76,5.21,broken clouds
26,New Norfolk,AU,-42.7826,147.0587,58.71,70,86,1.99,overcast clouds
27,Ponta Do Sol,PT,32.6667,-17.1,69.71,77,12,3.29,few clouds
28,Punta Arenas,CL,-53.15,-70.9167,32.11,86,0,8.05,clear sky
29,Castro,BR,-24.7911,-50.0119,43.95,98,5,5.1,clear sky
30,Qaanaaq,GL,77.484,-69.3632,36.86,77,98,5.57,overcast clouds
31,Namibe,AO,-15.1961,12.1522,59.72,91,22,2.75,few clouds
32,Saskylakh,RU,71.9167,114.0833,48.2,52,100,9.15,overcast clouds
33,Merauke,ID,-8.4667,140.3333,80.04,72,74,16.31,broken clouds
34,Nioro,GM,13.35,-15.75,76.42,89,100,5.48,overcast clouds
35,Ushuaia,AR,-54.8,-68.3,33.46,80,0,4.61,clear sky
36,Hilo,US,19.7297,-155.09,84.27,80,100,6.91,overcast clouds
37,Norman Wells,CA,65.282,-126.8329,69.84,43,0,4.61,clear sky
38,Port Elizabeth,ZA,-33.918,25.5701,57.49,94,0,13.0,clear sky
39,Rikitea,PF,-23.1203,-134.9692,72.7,74,77,22.86,broken clouds
40,Kahului,US,20.8947,-156.47,87.82,60,0,20.71,clear sky
41,Port Macquarie,AU,-31.4333,152.9167,57.88,76,100,4.12,overcast clouds
42,Busselton,AU,-33.65,115.3333,60.08,66,0,17.98,clear sky
43,Mataura,NZ,-46.1927,168.8643,44.47,73,89,3.83,overcast clouds
44,Hermanus,ZA,-34.4187,19.2345,50.81,90,100,13.6,moderate rain
45,Homer,US,59.6425,-151.5483,62.04,83,100,4.0,light rain
46,Sept-Iles,CA,50.2001,-66.3821,61.05,93,75,4.61,broken clouds
47,Chuy,UY,-33.6971,-53.4616,50.5,93,18,6.26,few clouds
48,Asau,RO,46.4333,26.4,56.32,76,9,4.5,clear sky
49,Thanh Hoa,VN,19.8,105.7667,76.44,97,100,1.99,heavy intensity rain
50,Longyearbyen,SJ,78.2186,15.6401,44.44,65,75,11.5,broken clouds
51,Pevek,RU,69.7008,170.3133,35.76,94,96,14.34,overcast clouds
52,Raton,US,36.9034,-104.4391,69.31,59,0,3.44,clear sky
53,Tiksi,RU,71.6872,128.8694,40.01,84,100,8.19,overcast clouds
54,Mogocha,RU,53.7333,119.7667,61.36,85,100,2.15,light rain
55,Ribeira Grande,PT,38.5167,-28.7,74.75,81,100,11.56,overcast clouds
56,Vaini,TO,-21.2,-175.2,75.36,83,75,16.11,broken clouds
57,Ostrovnoy,RU,68.0531,39.5131,53.87,79,21,19.15,few clouds
58,Port-Cartier,CA,50.0334,-66.8654,60.75,95,85,5.19,overcast clouds
59,Sao Gabriel Da Cachoeira,BR,-0.1303,-67.0892,71.91,96,34,2.77,scattered clouds
60,Lazaro Cardenas,MX,17.9583,-102.2,79.97,84,100,2.71,overcast clouds
61,Salalah,OM,17.0151,54.0924,75.29,100,100,5.75,light intensity drizzle
62,Torbay,CA,47.6666,-52.7314,58.26,95,100,6.91,overcast clouds
63,Edwardsville,US,38.8114,-89.9532,78.35,90,75,5.01,broken clouds
64,Henties Bay,NA,-22.116,14.2845,52.36,88,1,3.85,clear sky
65,Tuatapere,NZ,-46.1333,167.6833,46.71,75,76,5.28,broken clouds
66,Brae,GB,60.3964,-1.353,51.64,82,100,2.62,overcast clouds
67,Kichera,RU,55.9375,110.0997,65.32,62,65,5.77,light rain
68,Husavik,IS,66.0449,-17.3389,48.34,77,87,9.89,overcast clouds
69,Finnsnes,NO,69.2296,17.9811,49.75,88,96,29.57,light rain
70,Dikson,RU,73.5069,80.5464,46.09,82,90,25.19,overcast clouds
71,Vila,PT,42.0304,-8.1588,54.48,89,0,1.63,clear sky
72,Iqaluit,CA,63.7506,-68.5145,47.93,71,20,2.3,few clouds
73,Kruisfontein,ZA,-34.0033,24.7314,53.89,92,100,5.55,overcast clouds
74,Marzuq,YE,14.4,46.4667,77.16,65,87,8.25,overcast clouds
75,Thinadhoo,MV,0.5333,72.9333,82.67,73,69,9.84,broken clouds
76,Sobolevo,RU,54.4299,31.8996,57.47,79,0,5.61,clear sky
77,Imbituba,BR,-28.24,-48.6703,62.85,99,97,2.48,overcast clouds
78,Syracuse,IT,37.0881,15.2792,72.99,67,2,2.91,clear sky
79,El Alto,PE,-4.2714,-81.2147,60.78,88,100,16.06,overcast clouds
80,Barrow,US,71.2906,-156.7887,48.22,87,100,19.57,mist
81,Hobart,AU,-42.8794,147.3294,59.05,68,40,1.14,scattered clouds
82,Chongwe,ZM,-15.3292,28.682,53.94,53,3,3.49,clear sky
83,Doha,QA,25.2867,51.5333,94.98,60,17,3.44,haze
84,Hofn,IS,64.2539,-15.2082,50.38,86,85,5.84,overcast clouds
85,Lebu,CL,-37.6167,-73.65,50.18,92,100,9.75,light rain
86,Marawi,PH,7.9986,124.2928,84.04,56,30,1.9,scattered clouds
87,Beringovskiy,RU,63.05,179.3167,54.9,81,100,11.74,overcast clouds
88,Saint John,CA,45.2727,-66.0677,61.83,100,100,2.3,fog
89,Shingu,JP,33.7333,135.9833,82.42,86,99,6.04,overcast clouds
90,Mortara,IT,45.2473,8.7355,74.71,65,98,3.24,overcast clouds
91,Mayo,US,38.8876,-76.5119,80.98,80,0,4.61,clear sky
92,Pangkalanbuun,ID,-2.6833,111.6167,93.49,49,25,3.67,scattered clouds
93,Zhelyabovka,UA,45.3988,34.7578,71.04,72,38,5.59,scattered clouds
94,Pisco,PE,-13.7,-76.2167,57.25,88,20,0.0,few clouds
95,Provideniya,RU,64.3833,-173.3,51.37,93,100,13.42,mist
96,Bethel,US,41.3712,-73.414,77.36,64,49,5.97,scattered clouds
97,Saldanha,ZA,-33.0117,17.9442,51.85,84,100,7.18,light rain
98,Isangel,VU,-19.55,169.2667,77.11,57,75,9.22,broken clouds
99,Pacific Grove,US,36.6177,-121.9166,68.54,84,0,8.05,clear sky
100,Shirokiy,RU,49.758,129.523,68.2,71,80,8.77,broken clouds
101,Arraial Do Cabo,BR,-22.9661,-42.0278,67.14,76,15,13.38,few clouds
102,Sao Joao Da Barra,BR,-21.6403,-41.0511,65.17,82,16,12.28,few clouds
103,Nanortalik,GL,60.1432,-45.2371,43.36,91,32,6.22,scattered clouds
104,Kapaa,US,22.0752,-159.319,84.18,75,40,17.27,scattered clouds
105,Sebring,US,27.4956,-81.4409,76.89,90,0,5.75,clear sky
106,Le Port,RE,-20.9373,55.2919,68.25,73,12,8.95,few clouds
107,Sao Felix Do Xingu,BR,-6.6447,-51.995,79.14,45,81,1.23,broken clouds
108,Kirakira,SB,-10.4544,161.9205,81.61,80,98,8.32,moderate rain
109,Vestmannaeyjar,IS,63.4427,-20.2734,51.98,91,100,19.24,overcast clouds
110,Nome,US,64.5011,-165.4064,50.16,87,100,11.5,overcast clouds
111,Ambatofinandrahana,MG,-20.55,46.8,51.84,81,65,7.72,broken clouds
112,Carnarvon,AU,-24.8667,113.6333,73.94,27,0,17.16,clear sky
113,Naze,JP,28.3667,129.4833,88.72,72,82,0.74,broken clouds
114,Waipawa,NZ,-41.4122,175.5153,45.14,70,72,4.05,broken clouds
115,Piazzola Sul Brenta,IT,45.5415,11.7844,73.18,50,99,4.25,overcast clouds
116,Thompson,CA,55.7435,-97.8558,69.96,64,40,5.75,scattered clouds
117,Saint-Pierre,RE,-21.3393,55.4781,67.91,68,0,6.91,clear sky
118,Cherskiy,RU,68.75,161.3,52.79,72,96,17.76,overcast clouds
119,Faya,SA,18.3851,42.4509,66.31,83,91,4.59,overcast clouds
120,Hibbing,US,47.4272,-92.9377,56.71,46,0,4.61,clear sky
121,Kodiak,US,57.79,-152.4072,60.31,72,100,11.5,overcast clouds
122,Avera,US,33.194,-82.5271,72.91,72,70,6.51,broken clouds
123,Sibolga,ID,1.7427,98.7792,85.98,57,84,3.74,broken clouds
124,Santa Maria,BR,-29.6842,-53.8069,47.5,100,0,3.44,clear sky
125,Bandarbeyla,SO,9.4942,50.8122,79.79,63,73,27.27,broken clouds
126,Touros,BR,-5.1989,-35.4608,74.03,85,28,9.33,scattered clouds
127,Bichura,RU,50.5881,107.6022,73.58,43,11,8.88,few clouds
128,Octeville,FR,49.6261,-1.6435,64.89,88,0,5.75,clear sky
129,Fairbanks,US,64.8378,-147.7164,73.36,42,0,0.0,clear sky
130,Bredasdorp,ZA,-34.5322,20.0403,51.87,93,99,10.54,light rain
131,Esna,EG,25.2934,32.554,86.02,24,56,11.16,broken clouds
132,College,US,64.8569,-147.8028,73.35,43,75,0.0,broken clouds
133,Panguna,PG,-6.3164,155.4848,78.84,69,100,2.19,light rain
134,Yumen,CN,40.2833,97.2,88.02,23,88,19.51,overcast clouds
135,Alice Springs,AU,-23.7,133.8833,60.35,27,0,11.5,clear sky
136,Canchungo,GW,12.0672,-16.0333,76.86,89,99,7.61,light rain
137,Evensk,RU,61.95,159.2333,56.16,91,100,7.85,overcast clouds
138,Argelia,CO,2.2556,-77.2488,63.79,96,71,0.89,light rain
139,Barauna,BR,-5.08,-37.6167,71.13,84,29,6.33,scattered clouds
140,Kununurra,AU,-15.7667,128.7333,84.18,26,1,11.5,clear sky
141,Hervey Bay,AU,-25.2986,152.8535,66.79,73,100,9.46,overcast clouds
142,Arkhangelsk,RU,64.5401,40.5433,60.91,77,20,8.95,few clouds
143,Amuntai,ID,-2.4177,115.2494,92.7,47,85,2.44,overcast clouds
144,Novobirilyussy,RU,56.9514,90.6661,66.69,47,68,5.97,broken clouds
145,Avarua,CK,-21.2078,-159.775,77.05,78,75,12.66,broken clouds
146,Caravelas,BR,-17.7125,-39.2481,72.46,71,34,10.18,scattered clouds
147,Sandpoint,US,48.2766,-116.5533,70.68,85,75,0.0,broken clouds
148,Cidreira,BR,-30.1811,-50.2056,58.91,86,0,12.95,clear sky
149,Srandakan,ID,-7.9386,110.2506,84.25,71,59,8.84,broken clouds
150,Bulgan,MN,48.8125,103.5347,68.79,62,9,4.52,clear sky
151,Wukari,NG,7.85,9.7833,70.48,97,100,5.03,overcast clouds
152,Paamiut,GL,61.994,-49.6678,44.04,82,0,3.27,clear sky
153,Bontang,ID,0.1333,117.5,84.2,72,90,6.62,overcast clouds
154,Sur,OM,22.5667,59.5289,91.42,54,100,3.76,overcast clouds
155,Milkovo,RU,54.7167,158.6167,77.36,46,10,0.72,clear sky
156,Bathsheba,BB,13.2167,-59.5167,81.21,83,20,12.66,few clouds
157,Kytmanovo,RU,53.4593,85.4479,71.58,70,84,2.42,broken clouds
158,Mahon,ES,39.8885,4.2658,73.96,83,0,4.61,clear sky
159,Mount Isa,AU,-20.7333,139.5,74.97,25,44,8.05,scattered clouds
160,Saint George,US,37.1041,-113.5841,84.79,64,0,6.91,clear sky
161,Kloulklubed,PW,7.0419,134.2556,79.3,68,92,4.21,overcast clouds
162,Ikwiriri,TZ,-7.9562,38.9716,67.82,91,46,1.48,scattered clouds
163,Vao,NC,-22.6667,167.4833,68.77,59,12,20.13,few clouds
164,Hasaki,JP,35.7333,140.8333,93.29,76,44,25.68,scattered clouds
165,Sisimiut,GL,66.9395,-53.6735,40.82,90,66,6.76,broken clouds
166,Aklavik,CA,68.2191,-135.0107,60.98,58,47,7.54,scattered clouds
167,Ngunguru,NZ,-35.6167,174.5,53.91,59,6,15.66,clear sky
168,Saint-Philippe,RE,-21.3585,55.7679,63.99,82,75,17.27,light rain
169,Bali,ID,-8.5,115.0,83.37,66,56,9.04,broken clouds
170,Takoradi,GH,4.8845,-1.7554,73.6,85,94,6.96,overcast clouds
171,Cayenne,GF,4.9333,-52.3333,80.1,1,0,0.0,clear sky
172,Richards Bay,ZA,-28.783,32.0377,67.68,68,3,15.08,clear sky
173,Port Hedland,AU,-20.3167,118.5667,78.85,22,27,20.71,scattered clouds
174,Saint-Augustin,CA,51.226,-58.6502,61.88,93,100,11.88,overcast clouds
175,Linxia,CN,35.6003,103.2064,81.28,60,91,2.84,overcast clouds
176,Kampot,KH,10.6167,104.1833,86.05,66,80,7.58,broken clouds
177,Tayu,ID,-6.5397,111.0518,87.13,60,29,8.08,scattered clouds
178,Zhanaozen,KZ,43.3,52.8,82.69,23,0,10.07,clear sky
179,Saint-Louis,SN,16.3333,-15.0,83.84,66,87,11.77,overcast clouds
180,Dauphin,CA,51.1494,-100.0502,62.74,100,75,3.44,broken clouds
181,Camacha,PT,33.0833,-16.3333,67.42,78,20,5.75,few clouds
182,Sulangan,PH,11.1373,123.7228,83.8,68,42,4.07,scattered clouds
183,Emba,KZ,48.8264,58.1442,84.52,26,81,4.72,broken clouds
184,Lumby,CA,50.2498,-118.969,75.79,46,83,3.44,broken clouds
185,Ekhabi,RU,53.5102,142.9671,61.43,86,100,3.29,light rain
186,Dunedin,NZ,-45.8742,170.5036,50.81,54,77,4.0,broken clouds
187,Birjand,IR,32.8663,59.2211,70.27,21,0,9.22,clear sky
188,Meulaboh,ID,4.1363,96.1285,84.25,68,84,3.2,light rain
189,Hamilton,US,39.1834,-84.5333,72.84,83,75,11.5,broken clouds
190,Tandalti,SD,13.0167,31.8667,74.84,81,99,8.72,overcast clouds
191,Nouadhibou,MR,20.931,-17.0347,69.78,88,39,18.41,scattered clouds
192,Camopi,GF,3.1655,-52.3158,71.38,99,36,2.3,scattered clouds
193,Fort Nelson,CA,58.8053,-122.7002,65.79,59,75,4.61,broken clouds
194,Clyde River,CA,70.4692,-68.5914,48.43,76,100,8.05,overcast clouds
195,Port-Gentil,GA,-0.7193,8.7815,73.99,81,98,9.1,overcast clouds
196,Hambantota,LK,6.1241,81.1185,84.54,84,20,4.61,few clouds
197,Mackenzie,CA,55.2999,-123.1698,79.02,44,0,4.61,clear sky
198,East London,ZA,-33.0153,27.9116,56.34,94,0,5.75,clear sky
199,Manhush,UA,47.0558,37.3107,77.79,66,54,8.68,broken clouds
200,Koson,UZ,39.0375,65.585,75.52,20,0,14.05,clear sky
201,Asuaju De Sus,RO,47.5667,23.1833,56.98,72,12,3.71,few clouds
202,Urengoy,RU,65.9667,78.3667,57.47,59,100,11.61,overcast clouds
203,Lokosovo,RU,61.1333,74.8167,66.22,48,80,10.4,broken clouds
204,Krasnaya Gora,RU,52.9995,31.6023,61.79,80,3,9.17,clear sky
205,Alta Floresta,BR,-9.8756,-56.0861,69.28,51,1,3.67,clear sky
206,Salinopolis,BR,-0.6136,-47.3561,78.39,82,43,11.23,scattered clouds
207,Tasiilaq,GL,65.6145,-37.6368,33.96,71,6,4.16,clear sky
208,Sakaiminato,JP,35.55,133.2333,91.38,58,75,13.8,broken clouds
209,Castelo Do Piaui,BR,-5.3222,-41.5525,71.64,51,14,2.59,few clouds
210,Hearst,CA,49.6835,-83.6665,50.25,68,1,3.24,clear sky
211,Suluq,LY,31.6682,20.2521,75.07,75,0,5.66,clear sky
212,Kupang,ID,-10.1667,123.5833,86.58,66,75,13.8,broken clouds
213,Nuevitas,CU,21.5453,-77.2644,78.49,81,19,8.81,few clouds
214,Kalianget,ID,-7.05,113.9333,83.39,74,67,9.73,broken clouds
215,Point Pedro,LK,9.8167,80.2333,84.92,70,100,9.98,overcast clouds
216,Khatanga,RU,71.9667,102.5,53.96,51,96,9.6,overcast clouds
217,Rawson,AR,-43.3002,-65.1023,49.53,63,68,6.62,broken clouds
218,Plotnikovo,RU,55.0247,85.9436,66.54,50,2,12.12,clear sky
219,Lavrentiya,RU,65.5833,-171.0,43.36,94,100,4.79,overcast clouds
220,Sao Filipe,CV,14.8961,-24.4956,77.79,79,48,13.78,scattered clouds
221,Humaita,BR,-7.5061,-63.0208,74.66,63,6,1.28,clear sky
222,Kharan,PK,28.5833,65.4167,89.29,19,19,5.57,few clouds
223,Muisne,EC,0.6,-80.0333,73.09,88,100,8.75,overcast clouds
224,Kainantu,PG,-6.2887,145.8655,67.91,83,100,3.58,overcast clouds
225,Ous,RU,60.9058,61.5186,60.62,71,99,6.2,overcast clouds
226,Krasnoselkup,RU,65.7,82.4667,60.08,48,100,8.68,overcast clouds
227,Alofi,NU,-19.0595,-169.9187,80.49,78,68,9.22,broken clouds
228,Souillac,MU,-20.5167,57.5167,66.58,88,40,18.41,scattered clouds
229,Kalmar,SE,56.6616,16.3616,61.97,88,14,3.44,few clouds
230,Dahegam,IN,23.1667,72.8167,83.97,79,87,15.19,overcast clouds
231,Coahuayana,MX,18.7333,-103.6833,78.03,91,100,2.46,overcast clouds
232,Madang,PG,-5.2246,145.7966,75.96,96,100,5.55,overcast clouds
233,Upernavik,GL,72.7868,-56.1549,41.02,87,80,9.82,broken clouds
234,Hirara,JP,24.8,125.2833,85.86,84,75,6.91,broken clouds
235,Georgetown,MY,5.4112,100.3354,87.89,82,20,14.97,few clouds
236,Taoudenni,ML,22.6783,-3.9836,94.23,18,0,8.25,clear sky
237,Samarai,PG,-10.6167,150.6667,77.7,89,98,20.54,overcast clouds
238,Harindanga,IN,22.0383,88.3214,84.25,75,99,5.55,overcast clouds
239,Kaitangata,NZ,-46.2817,169.8464,47.7,68,100,7.34,overcast clouds
240,Maningrida,AU,-12.0667,134.2667,86.76,39,3,12.26,clear sky
241,Lompoc,US,34.6391,-120.4579,66.34,86,0,10.36,clear sky
242,Manokwari,ID,-0.8667,134.0833,83.01,72,48,5.14,scattered clouds
243,Boysun,UZ,38.2061,67.1986,79.27,23,0,4.83,clear sky
244,Garoua Boulai,CM,5.8833,14.55,64.69,98,100,5.19,overcast clouds
245,Bitung,ID,1.4451,125.1824,92.25,67,65,6.64,broken clouds
246,Mount Gambier,AU,-37.8333,140.7667,49.8,85,100,2.89,light rain
247,Turbat,PK,26.0023,63.044,98.29,11,99,16.4,overcast clouds
248,Venustiano Carranza,MX,19.43,-99.0992,67.14,58,100,15.01,overcast clouds
249,Bubaque,GW,11.2833,-15.8333,79.25,83,99,15.88,light rain
250,Burnie,AU,-41.0667,145.9167,51.94,87,95,7.7,overcast clouds
251,Faanui,PF,-16.4833,-151.75,78.21,77,6,13.49,light rain
252,Stanghelle,NO,60.5528,5.7357,60.84,95,100,1.5,light rain
253,Grand Gaube,MU,-20.0064,57.6608,66.6,76,95,8.01,light rain
254,Labuhan,ID,-6.8844,112.2051,86.65,64,53,8.52,broken clouds
255,Monrovia,LR,6.3005,-10.7969,75.88,85,85,11.74,light rain
256,Zalesovo,RU,53.9939,84.7431,72.48,65,90,4.79,overcast clouds
257,Airai,TL,-8.9266,125.4092,73.98,51,47,3.04,scattered clouds
258,Kasongo-Lunda,CD,-6.4667,16.8167,64.81,31,81,1.12,broken clouds
259,Trabzon,TR,40.9167,39.8333,73.49,61,75,8.05,broken clouds
260,Leningradskiy,RU,69.3833,178.4167,45.01,83,100,4.05,overcast clouds
261,Omboue,GA,-1.5746,9.2618,71.01,85,99,4.92,overcast clouds
262,Custoias,PT,41.1053,-7.321,64.15,74,0,2.3,clear sky
263,Mehamn,NO,71.0357,27.8492,51.75,82,75,33.38,light rain
264,Aswan,EG,24.0934,32.907,87.1,25,0,5.75,clear sky
265,Canto Do Buriti,BR,-8.11,-42.9444,72.93,34,1,2.21,clear sky
266,Auki,SB,-8.7676,160.7034,81.27,80,65,1.12,broken clouds
267,Severo-Kurilsk,RU,50.6789,156.125,56.88,96,100,12.06,overcast clouds
268,Varzea Da Palma,BR,-17.5981,-44.7308,61.09,43,100,3.85,overcast clouds
269,Puerto Escondido,MX,15.85,-97.0667,77.83,73,100,3.44,overcast clouds
270,San Matias,BO,-16.3667,-58.4,60.19,51,0,3.87,clear sky
271,Katobu,ID,-4.9408,122.5276,81.73,83,34,5.41,scattered clouds
272,Asfi,MA,32.2994,-9.2372,69.82,85,0,13.33,clear sky
273,Sitka,US,57.0531,-135.33,66.09,72,75,0.0,broken clouds
274,Locri,IT,38.2414,16.2623,70.32,80,33,5.12,scattered clouds
275,Pingyi,CN,35.5006,117.6308,91.09,61,24,8.41,few clouds
276,Bocas Del Toro,PA,9.3333,-82.25,79.36,84,100,11.63,overcast clouds
277,Mahebourg,MU,-20.4081,57.7,66.49,88,40,18.41,scattered clouds
278,Acapulco,MX,16.8634,-99.8901,82.22,69,75,2.3,broken clouds
279,Jabinyanah,TN,35.035,10.9081,80.4,71,0,9.42,clear sky
280,Sitio Novo Do Tocantins,BR,-5.5183,-47.4611,73.54,49,3,1.45,clear sky
281,Arman,RU,59.7,150.1667,71.02,84,100,5.7,overcast clouds
282,Nahrin,AF,36.0649,69.1334,79.02,23,1,4.05,clear sky
283,Esperance,AU,-33.8667,121.9,57.56,56,65,7.74,broken clouds
284,Standish,US,43.9831,-83.9589,67.84,61,0,7.36,clear sky
285,Orotukan,RU,62.2667,151.7,63.72,65,100,1.54,light rain
286,Kamenka,RU,51.3223,42.7678,71.51,70,8,12.91,clear sky
287,Mackay,AU,-21.15,149.2,74.68,66,59,8.43,broken clouds
288,Kavieng,PG,-2.5744,150.7967,83.21,73,100,10.13,light rain
289,San Buenaventura,MX,27.0833,-101.5333,85.48,50,98,17.92,overcast clouds
290,Carnot,CF,4.9409,15.8665,68.13,97,98,3.87,overcast clouds
291,Okato,NZ,-39.2,173.8833,46.69,81,72,7.27,broken clouds
292,Waspan,NI,14.7419,-83.9717,74.43,97,100,2.71,overcast clouds
293,Victoria,HK,22.2855,114.1577,78.94,95,98,1.01,heavy intensity rain
294,Jardim,BR,-21.4803,-56.1381,55.33,75,2,4.76,clear sky
295,Bestobe,KZ,52.4994,73.0975,74.21,57,0,9.73,clear sky
296,Ilulissat,GL,69.2167,-51.1,41.02,87,75,3.44,broken clouds
297,Tura,IN,25.5198,90.2201,84.54,68,22,5.08,few clouds
298,Krasnoarmeysk,RU,51.0239,45.6969,69.37,74,6,11.63,clear sky
299,Ayan,RU,56.45,138.1667,55.65,98,100,11.86,light rain
300,Maragogi,BR,-9.0122,-35.2225,72.55,85,0,4.74,clear sky
301,Sabha,LY,27.0377,14.4283,80.38,27,0,11.03,clear sky
302,Vardo,NO,70.3705,31.1107,51.78,71,100,25.32,overcast clouds
303,Belyy Yar,RU,53.6039,91.3903,73.85,60,0,4.47,clear sky
304,Zyryanovsk,KZ,49.7386,84.2719,76.17,38,48,1.74,scattered clouds
305,Klaksvik,FO,62.2266,-6.589,52.72,88,25,10.94,scattered clouds
306,Lorengau,PG,-2.0226,147.2712,81.88,77,100,2.59,overcast clouds
307,San Ramon,US,37.7799,-121.978,69.39,74,0,12.66,clear sky
308,Milin,CZ,49.6319,14.046,49.77,97,1,3.38,clear sky
309,Fomboni,KM,-12.28,43.7425,76.3,67,29,17.22,scattered clouds
310,Sioux Lookout,CA,50.1001,-91.917,51.87,87,40,0.0,scattered clouds
311,Port Blair,IN,11.6667,92.75,82.44,78,40,11.5,scattered clouds
312,Kokoda,PG,-8.8785,147.7407,79.14,90,100,3.78,overcast clouds
313,Pastavy,BY,55.1168,26.8326,58.59,81,0,3.71,clear sky
314,Kamalganj,IN,27.2667,79.65,88.43,60,23,19.3,few clouds
315,Kita,ML,13.0349,-9.4895,73.58,95,98,3.6,overcast clouds
316,Toktogul,KG,41.8708,72.9402,74.53,44,0,1.88,clear sky
317,Oussouye,SN,12.485,-16.5469,80.69,85,100,7.0,light rain
318,Ha Giang,VN,22.8333,104.9833,85.42,81,66,3.04,broken clouds
319,Panlaitan,PH,12.1191,119.8486,84.22,70,34,4.59,scattered clouds
320,Toora-Khem,RU,52.4675,96.11,71.76,48,100,2.33,overcast clouds
321,Pringsewu,ID,-5.3582,104.9744,88.12,60,20,2.98,few clouds
322,Srivardhan,IN,18.0333,73.0167,80.82,85,83,21.63,broken clouds
323,Port Lincoln,AU,-34.7333,135.8667,57.7,68,19,17.58,few clouds
324,Ekibastuz,KZ,51.6667,75.3667,71.96,63,5,11.63,clear sky
325,Muros,ES,42.7762,-9.0603,61.09,94,0,2.73,clear sky
326,Komatipoort,ZA,-25.4332,31.9548,62.71,61,0,4.76,clear sky
327,Shahrud,IR,36.4182,54.9763,73.63,17,0,3.67,clear sky
328,Bilibino,RU,68.0546,166.4372,64.35,67,96,5.84,light rain
329,Bida,NG,9.0833,6.0167,72.25,97,100,1.68,overcast clouds
330,Ancud,CL,-41.8697,-73.8203,49.53,94,100,24.76,moderate rain
331,Butaritari,KI,3.0707,172.7902,82.49,75,17,14.74,few clouds
332,Smithers,CA,54.7804,-127.1743,79.12,44,20,4.61,few clouds
333,Along,IN,28.1667,94.7667,91.78,55,80,2.13,broken clouds
334,Simpang,ID,-1.2667,104.0833,91.13,53,31,4.29,scattered clouds
335,Ouegoa,NC,-20.35,164.4333,74.44,53,12,13.62,few clouds
336,Baykit,RU,61.67,96.37,57.04,70,60,5.46,light rain
337,Margate,GB,51.3813,1.3862,69.31,93,16,3.0,few clouds
338,Taldan,RU,53.6667,124.8,61.23,76,100,3.76,overcast clouds
339,Sankanan,PH,8.3156,124.8581,75.13,65,42,3.15,scattered clouds
340,Saint-Remi,CA,45.2668,-73.6159,64.35,75,3,2.3,clear sky
341,Gusinoye Ozero,RU,51.1144,106.2614,73.15,46,35,3.74,scattered clouds
342,Hammerfest,NO,70.6634,23.6821,50.45,76,75,35.68,broken clouds
343,Teguldet,RU,57.3064,88.1667,64.99,47,59,6.91,broken clouds
344,Katherine,AU,-14.4667,132.2667,88.12,40,40,9.22,scattered clouds
345,Half Moon Bay,US,37.4636,-122.4286,68.79,80,75,25.32,broken clouds
346,Yalvac,TR,38.2956,31.1778,63.37,72,0,4.03,clear sky
347,Santa Leopoldina,BR,-20.1006,-40.5297,69.62,87,88,4.09,overcast clouds
348,Rio Gallegos,AR,-51.6226,-69.2181,35.65,87,0,3.44,clear sky
349,Buta,CD,2.7858,24.73,69.64,99,100,3.0,light rain
350,Lakes Entrance,AU,-37.8811,147.981,63.16,63,76,7.36,broken clouds
351,Harper,LR,4.375,-7.7169,75.06,82,100,10.67,overcast clouds
352,Bonthe,SL,7.5264,-12.505,75.4,89,91,8.12,moderate rain
353,Qaqortoq,GL,60.7167,-46.0333,44.55,87,23,3.31,few clouds
354,Ballina,AU,-28.8667,153.5667,69.01,72,100,11.48,overcast clouds
355,Celica,EC,-4.1167,-79.95,53.94,84,22,1.03,few clouds
356,Santa Lucia,ES,27.9117,-15.5407,63.72,73,20,14.97,few clouds
357,Itoman,JP,26.1247,127.6694,90.37,74,40,5.75,scattered clouds
358,Mopipi,BW,-21.1833,24.8833,54.93,51,0,6.67,clear sky
359,Nargana,PA,9.4428,-78.5906,78.51,87,100,8.55,overcast clouds
360,Mnogovershinnyy,RU,53.9353,139.9242,57.69,88,100,2.04,overcast clouds
361,Grindavik,IS,63.8424,-22.4338,50.47,100,100,12.66,light intensity drizzle
362,Deniliquin,AU,-35.5333,144.9667,61.88,47,86,13.8,overcast clouds
363,Pitimbu,BR,-7.4706,-34.8086,72.19,83,7,3.8,clear sky
364,Sambava,MG,-14.2667,50.1667,68.94,84,99,12.15,light rain
365,Yulara,AU,-25.2406,130.9889,62.22,26,0,13.15,clear sky
366,Geraldton,AU,-28.7667,114.6,64.81,48,0,23.02,clear sky
367,Fonte Boa,BR,-2.4959,-66.2662,72.66,94,71,2.42,broken clouds
368,Winnemucca,US,40.973,-117.7357,82.45,34,0,4.61,clear sky
369,Mahibadhoo,MV,3.7833,72.9667,81.37,78,90,2.95,overcast clouds
370,Iwanai,JP,42.9744,140.5089,80.53,71,19,7.67,few clouds
371,Yamada,JP,39.4667,141.95,83.93,64,100,9.4,light rain
372,Roxana,CR,10.2753,-83.7513,77.04,98,100,2.46,overcast clouds
373,Osmena,PH,10.5208,119.9258,84.09,70,33,2.55,light rain
374,Akyab,MM,20.15,92.9,81.86,82,94,8.1,overcast clouds
375,Vilyuysk,RU,63.7553,121.6247,62.74,60,100,5.39,overcast clouds
376,Kendari,ID,-3.945,122.4989,84.42,70,70,7.07,broken clouds
377,Hay River,CA,60.8156,-115.7999,60.78,63,40,5.75,scattered clouds
378,Vangaindrano,MG,-23.35,47.6,65.71,85,97,3.69,light rain
379,Gigmoto,PH,13.7796,124.39,85.51,74,83,4.03,broken clouds
380,Zvishavane,ZW,-20.3267,30.0665,53.98,69,0,2.08,clear sky
381,Semnan,IR,35.5729,53.3971,78.01,24,0,2.13,clear sky
382,Fukue,JP,32.6881,128.8419,86.36,79,75,9.22,moderate rain
383,Pangai,TO,-19.8,-174.35,80.71,65,40,8.05,scattered clouds
384,Nizhnekamsk,RU,55.6366,51.8245,59.79,82,0,6.71,clear sky
385,Sabang,ID,5.8933,95.3214,82.58,72,88,14.32,overcast clouds
386,Raudeberg,NO,61.9875,5.1352,54.27,93,100,8.01,overcast clouds
387,Saint-Leu,RE,-21.15,55.2833,67.32,65,9,2.39,clear sky
388,Togur,RU,58.3631,82.8265,63.68,48,32,6.91,scattered clouds
389,Lisala,CD,2.15,21.5167,69.96,98,100,1.7,light rain
390,Tomari,RU,47.7658,142.0683,70.5,85,78,8.46,broken clouds
391,Angoche,MZ,-16.2325,39.9086,66.78,87,0,3.49,clear sky
392,Road Town,VG,18.4167,-64.6167,81.45,75,95,18.57,overcast clouds
393,Ketchikan,US,55.3422,-131.6461,63.07,77,0,10.36,clear sky
394,Hualmay,PE,-11.0964,-77.6139,61.45,83,39,10.09,scattered clouds
395,Wajima,JP,37.4,136.9,84.88,78,75,10.36,broken clouds
396,Aberdour,GB,56.05,-3.3,57.78,85,2,3.18,clear sky
397,Kokopo,PG,-4.352,152.2633,82.72,70,68,6.51,light rain
398,Skibbereen,IE,51.55,-9.2667,58.1,74,11,7.0,few clouds
399,Kandalaksha,RU,67.162,32.4123,48.09,75,98,7.25,overcast clouds
400,Bengkulu,ID,-3.8004,102.2655,83.07,74,73,4.41,broken clouds
401,Shelburne,CA,44.0787,-80.2041,56.59,84,0,7.38,clear sky
402,Pitsunda,GE,43.1592,40.3378,77.18,81,28,6.87,scattered clouds
403,Kaohsiung,TW,22.6163,120.3133,89.69,67,75,8.05,broken clouds
404,Coquimbo,CL,-29.9533,-71.3436,53.33,76,100,2.3,overcast clouds
405,Odweyne,SO,9.4092,45.064,68.79,69,98,21.3,overcast clouds
406,Bogdanovich,RU,56.7803,62.0494,61.2,66,43,13.76,scattered clouds
407,Veraval,IN,20.9,70.3667,80.98,90,98,26.62,overcast clouds
408,Gornopravdinsk,RU,60.05,69.9,57.47,96,100,4.83,light rain
409,Rio Grande,BR,-32.035,-52.0986,50.95,91,0,9.53,clear sky
410,Plettenberg Bay,ZA,-34.0527,23.3716,55.0,89,94,6.67,overcast clouds
411,Moose Factory,CA,51.2585,-80.6094,50.0,76,0,2.3,clear sky
412,Havelock,US,34.8791,-76.9013,84.18,82,40,9.22,scattered clouds
413,Harqalah,TN,36.0303,10.509,80.46,73,40,6.91,scattered clouds
414,Broome,US,42.2506,-75.833,63.37,91,0,2.35,clear sky
415,Suhbaatar,MN,50.2314,106.2078,67.01,61,84,2.57,broken clouds
416,Andenes,NO,69.3143,16.1194,49.98,81,75,24.16,broken clouds
417,Vila Velha,BR,-20.3297,-40.2925,69.94,71,0,8.05,clear sky
418,Katsuura,JP,35.1333,140.3,84.56,77,10,20.49,clear sky
419,Fjerritslev,DK,57.0813,9.2664,53.46,80,7,5.61,clear sky
420,Bavly,RU,54.393,53.2602,63.14,62,51,2.55,broken clouds
421,Padang,ID,-0.9492,100.3543,84.25,72,36,5.17,scattered clouds
422,Qeshm,IR,26.9581,56.2719,89.49,61,57,2.73,broken clouds
423,Dekar,BW,-21.5333,21.9333,57.13,26,0,8.19,clear sky
424,Upata,VE,8.0086,-62.3989,70.21,95,68,2.37,broken clouds
425,Nantucket,US,41.2835,-70.0995,69.03,75,0,4.61,clear sky
426,Vila Franca Do Campo,PT,37.7167,-25.4333,75.2,90,92,7.38,overcast clouds
427,Eureka,US,40.8021,-124.1637,65.17,80,5,1.01,clear sky
428,Gamba,GA,-2.65,10.0,68.63,92,74,2.59,broken clouds
429,Lucapa,AO,-8.4192,20.7447,59.59,29,94,4.68,overcast clouds
430,Smoky Lake,CA,54.1169,-112.4686,72.18,73,10,5.75,light rain
431,Chickasha,US,35.0526,-97.9364,85.35,45,0,9.22,clear sky
432,Lagoa,PT,39.05,-27.9833,73.4,82,98,13.04,light rain
433,Nerchinskiy Zavod,RU,51.3088,119.61,62.26,80,96,1.43,moderate rain
434,Molteno,ZA,-31.3968,26.3625,48.54,37,76,14.38,broken clouds
435,San Patricio,US,28.017,-97.5169,85.89,78,100,3.78,light rain
436,Vredendal,ZA,-31.6683,18.5012,53.51,91,94,5.86,overcast clouds
437,Laguna,US,38.421,-121.4238,84.18,47,0,10.36,clear sky
438,Puerto El Triunfo,SV,13.2833,-88.55,74.97,90,100,2.01,overcast clouds
439,Regeneracao,BR,-6.2378,-42.6883,71.83,53,3,2.55,clear sky
440,Punto Fijo,VE,11.6956,-70.1996,81.55,81,99,22.77,overcast clouds
441,Nikolskoye,RU,59.7035,30.7861,64.29,85,79,6.06,broken clouds
442,Talnakh,RU,69.4865,88.3972,56.21,78,100,6.49,overcast clouds
443,Urdoma,RU,61.7533,48.5442,61.97,68,96,10.16,overcast clouds
444,Laksham,BD,23.2472,91.1425,87.12,70,92,7.61,overcast clouds
445,Iganga,UG,0.6092,33.4686,65.14,88,100,4.36,overcast clouds
446,Srednekolymsk,RU,67.45,153.6833,61.95,73,100,10.0,light rain
447,Atasu,KZ,48.6814,71.6433,70.59,55,0,9.6,clear sky
448,Saint Anthony,US,45.0205,-93.218,73.81,62,0,5.75,clear sky
449,Yarada,IN,17.65,83.2667,86.32,74,75,12.66,mist
450,Kaeo,NZ,-35.1,173.7833,57.33,50,11,8.84,few clouds
451,Loviisa,FI,60.4566,26.2251,59.29,85,10,4.45,clear sky
452,Lebanon,US,36.2081,-86.2911,76.78,90,0,3.44,clear sky
453,Kholmogory,RU,64.2229,41.656,57.78,93,86,8.39,overcast clouds
454,Nogliki,RU,51.8333,143.1667,58.73,96,100,3.15,moderate rain
455,Morondava,MG,-20.2833,44.2833,66.15,85,0,8.79,clear sky
456,Svetlogorsk,BY,52.6333,29.7333,61.84,82,6,8.99,clear sky
457,Saravena,CO,6.9538,-71.8752,70.74,97,72,2.68,broken clouds
458,Sibi,PK,29.5448,67.8764,94.5,45,70,7.05,broken clouds
459,Shakawe,BW,-18.3667,21.85,53.08,28,0,1.88,clear sky
460,Dukat,RU,62.55,155.55,58.33,69,100,2.59,light rain
461,Guerrero Negro,MX,27.9769,-114.0611,72.37,81,6,13.73,clear sky
462,Westport,US,41.1415,-73.3579,77.94,81,100,5.75,overcast clouds
463,Pangody,RU,65.85,74.4859,56.52,62,100,15.61,overcast clouds
464,Mar Del Plata,AR,-38.0023,-57.5575,50.09,83,0,13.0,clear sky
465,Santiago Del Estero,AR,-27.7951,-64.2615,57.94,43,100,8.39,overcast clouds
466,Dali,CN,25.7,100.1833,76.14,60,93,4.7,overcast clouds
467,Ambilobe,MG,-13.2,49.05,67.78,58,2,4.76,clear sky
468,Fortuna,US,40.5982,-124.1573,64.9,81,100,8.05,overcast clouds
469,Nemencine,LT,54.85,25.4833,59.52,83,0,4.03,clear sky
470,Porto Novo,BJ,6.4965,2.6036,73.9,90,100,7.9,overcast clouds
471,Luanda,AO,-8.8368,13.2343,68.7,81,100,3.89,overcast clouds
472,Portoferraio,IT,42.8115,10.3146,78.58,41,100,5.06,overcast clouds
473,Sao Lourenco Do Sul,BR,-31.3653,-51.9783,53.01,93,0,5.7,clear sky
474,Notre-Dame-Du-Lac,CA,47.6136,-68.7964,59.34,95,19,4.36,few clouds
475,Port Augusta,AU,-32.5,137.7667,63.46,43,25,15.93,scattered clouds
476,Lasa,IT,46.6166,10.7002,61.68,93,35,3.56,scattered clouds
477,Poum,NC,-20.2333,164.0167,71.83,57,25,9.1,scattered clouds
478,Mollendo,PE,-17.0231,-72.0147,59.34,85,33,6.89,scattered clouds
479,Svetlaya,RU,46.5389,138.3297,69.42,75,60,4.88,broken clouds
480,Sakakah,SA,29.9697,40.2064,89.17,28,0,6.42,clear sky
481,Hami,CN,42.8,93.45,95.83,19,99,7.56,overcast clouds
482,Coihaique,CL,-45.5752,-72.0662,39.81,81,40,4.61,scattered clouds
483,Pillaro,EC,-1.1667,-78.5333,48.15,59,100,1.05,overcast clouds
484,Mykolayivka,UA,47.5414,30.7561,72.21,67,100,12.41,overcast clouds
485,Mae Sai,TH,20.4335,99.8762,73.08,100,100,1.77,overcast clouds
486,Presidencia Roque Saenz Pena,AR,-26.7852,-60.4388,53.31,74,83,6.17,broken clouds
487,Umtata,ZA,-31.5889,28.7844,52.36,87,0,2.3,clear sky
488,Barabai,ID,-2.5833,115.3833,92.66,46,86,1.92,overcast clouds
489,Solginskiy,RU,61.05,41.3428,61.74,72,92,9.8,overcast clouds
490,Almaznyy,RU,48.0448,40.045,79.18,34,100,14.52,overcast clouds
491,Biak,ID,-0.9131,122.8766,83.91,68,74,1.88,broken clouds
492,Cartama,ES,36.7107,-4.633,80.17,75,20,5.75,few clouds
493,Puerto Madryn,AR,-42.7692,-65.0385,50.29,64,80,10.8,broken clouds
494,Loiza,PR,18.4313,-65.8802,82.4,80,40,10.36,scattered clouds
495,Adrar,MR,20.5022,-10.0711,91.02,36,0,8.21,clear sky
496,Taguatinga,BR,-12.3857,-46.5711,74.98,39,13,5.39,few clouds
497,Murnau,DE,48.2302,12.2943,56.77,83,0,5.23,clear sky
498,Sarandi,BR,-23.4436,-51.8739,53.49,67,1,10.63,clear sky
499,Lope De Vega,PH,12.2983,124.6238,88.25,65,95,2.24,overcast clouds
500,Tateyama,JP,34.9833,139.8667,86.09,80,37,18.72,scattered clouds
501,Te Anau,NZ,-45.4167,167.7167,45.57,73,46,1.5,scattered clouds
502,Singaraja,ID,-8.112,115.0882,84.22,71,28,3.33,scattered clouds
503,Segou,ML,13.4317,-6.2157,77.27,82,63,8.23,broken clouds
504,Aksay,RU,47.26,39.87,81.25,31,100,7.0,light rain
505,Vieques,PR,18.425,-65.8329,82.44,74,40,10.36,scattered clouds
506,Degollado,MX,20.467,-102.1498,65.68,72,100,0.54,overcast clouds
507,Galveston,US,29.3669,-94.9669,85.96,79,20,10.36,few clouds
508,Namatanai,PG,-3.6667,152.4333,84.56,64,69,10.89,broken clouds
509,Angola,AO,-12.5,18.5,46.44,43,11,3.44,few clouds
510,Kilindoni,TZ,-7.9139,39.6668,74.98,73,8,10.38,clear sky
511,Swan River,CA,52.1058,-101.2676,62.49,77,90,2.3,overcast clouds
512,Lahaina,US,20.8783,-156.6825,87.8,81,67,12.73,broken clouds
513,Marsaxlokk,MT,35.8419,14.5431,78.08,88,20,1.14,few clouds
514,Erzincan,TR,39.75,39.5,61.9,77,0,3.44,clear sky
515,Kavaratti,IN,10.5669,72.642,81.07,84,100,17.9,overcast clouds
516,Nemuro,JP,43.3236,145.575,68.83,95,98,19.6,overcast clouds
517,Anori,BR,-3.7728,-61.6442,76.84,56,96,2.53,overcast clouds
518,Naples,IT,40.8333,14.25,76.75,72,20,2.3,few clouds
519,Mokhsogollokh,RU,61.4681,128.9203,60.55,94,100,1.74,light rain
520,Colares,PT,38.7992,-9.4469,67.75,78,0,10.0,clear sky
521,Aykhal,RU,66.0,111.5,41.7,96,100,21.34,light rain
522,Coffs Harbour,AU,-30.3,153.1333,67.14,63,100,9.22,overcast clouds
523,Nicoya,CR,10.1483,-85.452,74.55,93,100,2.44,overcast clouds
524,Kargasok,RU,59.0556,80.8572,63.79,49,8,5.86,clear sky
525,Tomatlan,MX,19.9333,-105.25,76.98,94,100,2.84,overcast clouds
526,Puerto Del Rosario,ES,28.5004,-13.8627,71.35,78,100,11.5,overcast clouds
527,Nuevo Progreso,MX,23.1667,-97.95,81.54,64,5,4.21,clear sky
528,Nishihara,JP,26.1842,127.7558,89.65,74,40,5.75,scattered clouds
529,Kiama,AU,-34.6833,150.8667,63.57,69,100,5.01,overcast clouds
530,Magaria,NE,12.9983,8.9099,74.71,72,79,8.72,broken clouds
531,Bulungu,CD,-4.55,18.6,70.07,28,12,2.57,few clouds
532,Kota Belud,MY,6.351,116.4305,89.17,58,74,6.02,broken clouds
533,Kirkcudbright,GB,54.8383,-4.0491,60.01,67,7,8.34,clear sky
534,Seymchan,RU,62.8833,152.4333,65.08,68,100,5.26,overcast clouds
535,Clyde,US,41.3042,-82.9752,68.56,75,2,9.57,clear sky
536,Paita,PE,-5.0892,-81.1144,62.91,85,87,10.09,overcast clouds
537,Bama,NG,11.5221,13.6856,71.47,89,100,10.6,light rain
538,Jumla,NP,29.2747,82.1838,76.3,55,5,3.42,clear sky
539,Tagusao,PH,9.1924,117.8141,87.13,64,65,1.92,broken clouds
540,Heilbron,ZA,-27.2812,27.9709,49.32,38,42,3.87,scattered clouds
541,Santa Barbara,US,34.7333,-120.0343,69.82,77,0,5.75,clear sky
542,Goderich,CA,43.7501,-81.7165,67.91,82,0,8.05,clear sky
543,La Antigua,CO,6.7153,-76.079,57.94,97,94,1.57,overcast clouds
544,Banjar,ID,-8.19,114.9675,86.16,67,29,3.69,scattered clouds
545,Singarayakonda,IN,15.25,80.0333,88.9,51,79,21.88,broken clouds
546,Bahia Blanca,AR,-38.7196,-62.2724,50.72,65,49,9.95,scattered clouds
547,Kingman,US,35.1894,-114.053,87.28,60,40,6.91,moderate rain
548,Dewas,IN,22.9667,76.0667,77.18,88,96,16.71,overcast clouds
549,Dingle,PH,10.9995,122.6711,85.93,72,86,4.9,overcast clouds
550,Tungor,RU,53.3808,142.9564,60.82,89,100,4.38,moderate rain
551,Motygino,RU,58.1831,94.7592,66.72,48,0,5.79,clear sky
552,Mustasaari,FI,63.1142,21.6822,61.9,88,100,2.3,light rain
553,Maceio,BR,-9.6658,-35.7353,72.84,94,0,3.44,clear sky
554,Canete,CL,-37.8,-73.4,48.81,94,100,5.41,overcast clouds
555,Kirovskiy,RU,45.0917,133.5136,74.3,61,21,10.2,few clouds
556,Belaya Gora,RU,68.5333,146.4167,61.95,49,95,14.41,overcast clouds
557,Dabrowa Tarnowska,PL,50.1746,20.9863,55.44,94,5,3.53,clear sky
558,Edd,ER,13.9297,41.6925,81.63,82,100,17.9,moderate rain
559,Kemi,FI,65.8596,24.8228,55.17,67,0,12.66,clear sky
560,Rosarito,MX,32.3333,-117.0333,77.23,67,90,7.38,overcast clouds
561,Nizwa,OM,22.9333,57.5333,93.87,33,100,1.7,overcast clouds
562,Inuvik,CA,68.3499,-133.7218,67.06,44,75,4.61,broken clouds
563,Zhigansk,RU,66.7697,123.3711,57.2,56,100,22.93,overcast clouds
564,Pierre,US,44.3683,-100.351,84.85,66,0,20.0,clear sky
565,Codrington,AU,-38.2667,141.9667,52.07,77,99,7.65,overcast clouds
566,Ceyhan,TR,37.0247,35.8175,79.14,77,74,1.1,broken clouds
567,Karratha,AU,-20.7377,116.8463,75.11,27,25,23.53,scattered clouds
568,Umm Kaddadah,SD,13.6017,26.6876,74.44,79,100,7.61,overcast clouds
569,Shchigry,RU,51.8755,36.9043,66.02,78,13,13.27,few clouds
570,Sinnamary,GF,5.3833,-52.95,78.12,82,31,7.02,scattered clouds
571,Los Llanos De Aridane,ES,28.6585,-17.9182,67.75,88,100,9.22,overcast clouds
572,Vanavara,RU,60.34,102.2797,61.57,55,80,8.23,broken clouds
573,Yaan,NG,7.3833,8.5667,70.97,98,100,5.23,overcast clouds
574,Hovd,MN,48.0056,91.6419,76.3,28,42,6.62,scattered clouds
575,Pundaguitan,PH,6.3711,126.1689,83.75,69,6,6.2,clear sky
576,Siniscola,IT,40.5719,9.6922,72.95,62,2,5.79,clear sky
577,Aktash,RU,50.3,87.7333,57.4,56,35,2.82,scattered clouds
578,Zhangye,CN,38.9342,100.4517,91.56,35,13,7.14,few clouds
579,Khandyga,RU,62.6667,135.6,71.29,55,86,2.13,overcast clouds
580,Sheridan,US,44.8333,-106.9173,77.7,51,0,3.44,clear sky
581,Filimonovo,RU,56.2011,95.4611,71.65,58,10,5.88,clear sky
582,Wuda,CN,39.4994,106.7117,83.32,62,59,5.68,broken clouds
583,Kenai,US,60.5544,-151.2583,62.69,95,100,10.36,light rain
584,Puksoozero,RU,62.5903,40.6066,61.93,77,86,8.95,overcast clouds
585,Stabat,ID,3.761,98.4513,86.2,53,93,1.81,overcast clouds
586,Tyazhinskiy,RU,56.116,88.524,68.34,45,3,7.16,clear sky
587,Slave Lake,CA,55.2834,-114.769,67.98,83,0,10.36,clear sky
588,Jiangkou,CN,25.4872,119.1986,90.64,60,4,10.8,clear sky
589,Requena,ES,39.4883,-1.1004,66.79,58,0,4.23,clear sky
590,San Lorenzo,PY,-25.3333,-57.5333,59.94,72,0,4.61,clear sky
591,Savinka,RU,50.0785,47.0994,77.81,49,36,12.35,scattered clouds
592,Abu Dhabi,AE,24.4667,54.3667,93.31,78,85,3.44,haze
593,Ruteng,ID,-8.6136,120.4721,71.37,78,41,1.68,scattered clouds
594,Koumac,NC,-20.5667,164.2833,73.56,53,2,8.63,clear sky
595,Yangliuqing,CN,39.1375,116.9997,85.95,55,57,4.18,broken clouds
596,Marsa Matruh,EG,31.3525,27.2453,75.4,78,0,5.75,clear sky
597,Alpena,US,45.0617,-83.4327,63.1,73,0,4.61,clear sky
598,Kisangani,CD,0.5167,25.2,69.42,98,91,2.48,overcast clouds
599,Baruun-Urt,MN,46.6806,113.2792,73.15,46,65,6.71,broken clouds
600,Vanino,RU,49.0869,140.2543,70.14,64,75,4.14,broken clouds
601,Suwannaphum,TH,15.6035,103.8021,80.08,77,100,10.31,overcast clouds
602,Buchanan,LR,5.8808,-10.0467,75.07,86,92,10.33,light rain
603,Lethem,GY,3.3803,-59.7968,74.26,89,49,1.86,light rain
604,Riyadh,SA,24.6877,46.7219,89.74,24,58,20.83,broken clouds
605,Trat,TH,12.5,102.5,86.2,75,100,9.86,light rain
606,Samur,RU,41.8253,48.486,81.88,48,0,4.79,clear sky
607,Australind,AU,-33.2667,115.7167,62.29,58,0,14.2,clear sky
608,Salisbury,GB,51.0693,-1.7957,66.97,65,0,4.61,clear sky
609,Cheney,US,47.4874,-117.5758,82.72,43,20,10.36,few clouds
610,Okhotsk,RU,59.3833,143.3,60.87,86,99,6.71,light rain
611,Ahipara,NZ,-35.1667,173.1667,54.54,61,14,11.88,few clouds
612,Indiana,US,40.0003,-86.2503,69.51,81,0,5.75,clear sky
613,Lata,PT,40.1629,-8.3327,58.33,94,0,1.36,clear sky
614,Tautira,PF,-17.7333,-149.15,77.99,73,33,13.87,light rain
615,Berlevag,NO,70.8578,29.0864,51.8,76,40,41.43,scattered clouds
616,Nova Russas,BR,-4.7067,-40.5631,71.47,69,35,3.89,scattered clouds
617,Itarema,BR,-2.9248,-39.9167,76.69,86,62,13.42,broken clouds
618,Bambous Virieux,MU,-20.3428,57.7575,67.21,88,40,18.41,scattered clouds
619,Khani,GE,41.9563,42.9566,63.97,70,20,1.14,few clouds
620,Rock Sound,BS,24.9,-76.2,81.97,74,0,15.93,clear sky
621,Ballater,GB,57.0493,-3.0402,54.3,94,0,0.69,clear sky
622,Aberystwyth,GB,52.4155,-4.0829,63.52,69,1,6.89,clear sky
623,Myitkyina,MM,25.3833,97.4,92.03,56,87,2.44,overcast clouds
624,Houma,US,29.5958,-90.7195,77.0,93,100,0.0,overcast clouds
625,Waddan,LY,29.1614,16.139,77.58,35,0,8.75,clear sky
626,Juruti,BR,-2.1522,-56.0922,78.35,54,25,2.37,scattered clouds
627,San Policarpo,PH,12.1791,125.5072,84.36,73,99,5.93,overcast clouds
628,Sumbe,AO,-11.2061,13.8437,69.01,83,97,3.04,overcast clouds
629,Karasburg,NA,-28.0167,18.75,48.58,53,2,9.6,clear sky
630,Kurchum,KZ,48.5722,83.6542,76.21,36,98,3.33,overcast clouds
631,Don Sak,TH,9.3168,99.6918,87.69,64,95,12.37,overcast clouds
632,Pitanga,BR,-24.7572,-51.7614,43.83,89,2,3.78,clear sky
633,Moussoro,TD,13.6408,16.4901,81.54,67,100,8.19,overcast clouds
634,Weyburn,CA,49.6668,-103.8511,64.62,77,98,8.05,overcast clouds
635,Huarmey,PE,-10.0681,-78.1522,62.04,86,23,9.24,few clouds
636,Tsiroanomandidy,MG,-18.7667,46.0333,55.36,69,0,2.59,clear sky
637,Tambura,SS,5.6,27.4667,66.6,99,100,3.11,overcast clouds
638,Kuna,US,43.4918,-116.4201,84.4,57,42,0.0,haze
639,Kraksaan,ID,-7.7585,113.3962,86.23,66,37,6.89,scattered clouds
640,Ellisras,ZA,-23.6649,27.7443,53.51,60,0,3.27,clear sky
641,Nabire,ID,-3.3667,135.4833,87.39,60,9,5.19,clear sky
642,Udachnyy,RU,66.4167,112.4,46.45,100,100,17.96,light rain
643,Guadalupe Victoria,MX,32.2869,-115.105,99.95,31,7,11.79,clear sky
644,Ligayan,PH,4.6533,119.4706,83.95,69,21,3.31,few clouds
645,Bauchi,NG,10.5,10.0,69.17,90,100,3.96,overcast clouds
646,Caceres,ES,39.522,-6.3748,68.72,52,0,1.14,clear sky
647,Garowe,SO,8.4054,48.4845,74.35,61,97,23.53,overcast clouds
648,Sampit,ID,-2.5333,112.95,92.55,50,60,2.86,broken clouds
649,Tocopilla,CL,-22.092,-70.1979,58.42,71,1,3.15,clear sky
650,Carauari,BR,-4.8828,-66.8958,74.82,74,62,2.19,broken clouds
651,Kijang,KR,35.2442,129.2139,92.93,60,0,10.33,clear sky
652,Rundu,NA,-17.9333,19.7667,52.36,24,0,1.88,clear sky
653,Cockburn Town,TC,21.4612,-71.1419,82.26,75,47,18.95,scattered clouds
654,Qarqin,AF,37.4185,66.0436,84.31,21,0,7.23,clear sky
655,Waitati,NZ,-45.75,170.5667,50.81,54,63,5.23,broken clouds
656,Carutapera,BR,-1.195,-46.02,76.32,84,33,6.91,scattered clouds
657,Tarut,SA,26.5733,50.0369,97.0,55,26,20.92,scattered clouds
658,Brownwood,US,31.7093,-98.9912,88.92,48,5,13.62,clear sky
659,Oranjestad,AW,12.524,-70.027,82.35,83,20,19.57,few clouds
660,Gerash,IR,27.6652,54.1371,82.54,13,4,7.7,clear sky
661,Quezailica,HN,14.8833,-88.7333,69.75,99,100,1.61,overcast clouds
662,Beira,MZ,-19.8436,34.8389,62.69,100,100,6.91,fog
663,Kaliua,TZ,-5.0606,31.7936,63.07,63,54,6.71,broken clouds
664,North Bend,US,43.4065,-124.2243,58.15,100,100,3.44,mist
665,Eseka,CM,3.65,10.7667,71.37,99,100,1.28,light rain
666,Pesaro,IT,43.9036,12.8903,73.13,64,100,7.61,overcast clouds
667,Am Timan,TD,11.0297,20.2827,71.02,98,100,4.27,moderate rain
668,Puri,IN,19.8,85.85,81.12,82,100,2.73,moderate rain
669,Clacton-On-Sea,GB,51.7897,1.156,66.78,86,20,4.0,few clouds
670,Lanxi,CN,29.2195,119.477,98.62,47,52,3.87,broken clouds
671,Komsomolskiy,UZ,40.4272,71.7189,83.12,24,0,6.91,clear sky
672,Monte Alegre,BR,-2.0078,-54.0692,75.78,77,38,5.06,scattered clouds
673,Mogadishu,SO,2.0371,45.3438,76.87,78,40,13.8,scattered clouds
674,Mucurapo,TT,10.6667,-61.5333,78.85,89,1,7.38,clear sky
675,Carballo,ES,43.213,-8.691,64.9,91,43,1.74,scattered clouds
676,Parsabad,IR,39.6482,47.9174,71.92,88,0,4.61,clear sky
677,Tobol,KZ,52.6844,62.5794,66.67,65,98,13.4,overcast clouds
678,Carmen,MX,18.6333,-91.8333,79.18,80,100,7.36,overcast clouds
679,Rock Springs,US,41.5875,-109.2029,72.05,47,0,8.05,clear sky
680,Myaundzha,RU,63.0494,147.1858,63.19,62,100,4.85,light rain
681,Bagn,NO,60.8225,9.5521,57.07,77,14,3.78,few clouds
682,Koboko,UG,3.4136,30.9599,62.33,88,99,2.37,overcast clouds
683,Cananeia,BR,-25.0147,-47.9267,60.21,88,45,2.8,scattered clouds
684,Chibuto,MZ,-24.6867,33.5306,60.87,80,0,7.4,clear sky
685,Carahue,CL,-38.7,-73.1667,46.08,94,100,3.06,overcast clouds
686,Acajutla,SV,13.5928,-89.8275,78.44,85,100,6.44,light rain
687,Nuuk,GL,64.1835,-51.7216,43.41,81,19,6.91,few clouds
688,Tiarei,PF,-17.5333,-149.3333,80.62,74,24,13.78,light rain
689,Moerai,PF,-22.4333,-151.3333,73.38,78,9,4.59,clear sky
690,Chunhuhub,MX,19.55,-88.6833,73.2,98,63,1.23,broken clouds
691,Broken Hill,AU,-31.95,141.4333,58.44,50,37,21.88,scattered clouds
692,Tazovskiy,RU,67.4667,78.7,53.51,67,100,11.05,light rain
693,Bokoro,TD,12.3807,17.0568,74.05,94,100,12.33,heavy intensity rain
694,Maple Creek,CA,49.9168,-109.4848,82.45,30,3,6.91,clear sky
695,Haapiti,PF,-17.5667,-149.8667,80.33,76,7,13.38,light rain
696,Tanabe,JP,33.7333,135.3667,87.01,79,75,6.91,broken clouds
697,Ornes,NO,66.8689,13.7078,50.41,87,100,13.58,overcast clouds
698,Chengde,CN,40.9725,117.9361,85.05,57,85,3.71,overcast clouds
699,Naron,ES,43.5167,-8.1528,66.04,96,26,2.06,scattered clouds
700,Kota Bahru,MY,6.1333,102.2386,82.35,88,20,3.44,moderate rain
701,Sorong,ID,-0.8833,131.25,82.33,78,12,9.51,few clouds
702,Terrasini,IT,38.146,13.0844,75.9,83,20,8.05,thunderstorm
703,San Cristobal,VE,7.7669,-72.225,77.18,98,51,2.48,broken clouds
704,Wamba,NG,8.9333,8.6,69.57,96,100,1.97,overcast clouds
705,Dwarka,IN,22.2394,68.9678,83.16,86,100,13.4,light rain
